{"abandoned": 1, "merged": 12, "review_time_days_avg": 198.95409999999998, "review_time_days_median": 197.95775, "submitted": 15}