{"abandoned": 1, "merged": 392, "review_time_days_avg": 290.5380388888889, "review_time_days_median": 311.28705, "submitted": 394}