{"abandoned": 4, "merged": 14, "review_time_days_avg": 176.63146666666668, "review_time_days_median": 173.66035, "submitted": 21}