{"abandoned": 3, "merged": 14, "review_time_days_avg": 224.57487999999998, "review_time_days_median": 207.85764999999998, "submitted": 19}